,MAE,RMSE,R2
lin_mean,172.2655903300502,360.6571342313584,0.9627119270942893
rf_mean,108.55737700409139,314.12961761128497,0.9717122337011855
lin_median,172.2655903300502,360.6571342313584,0.9627119270942893
rf_median,108.55737700409139,314.12961761128497,0.9717122337011855
